City_ID,City,Country,Date,Lat,Lng,Max Temp,Humidity,Cloudiness,Wind Speed
0,Santa Cruz De La Palma,ES,2021-03-16 23:39:23,28.6835,-17.7642,64.4,68,75,12.66
1,Hobart,AU,2021-03-16 23:38:51,-42.8794,147.3294,64.0,67,20,8.05
2,Kahului,US,2021-03-16 23:39:24,20.8947,-156.47,78.8,73,40,17.27
3,Hasaki,JP,2021-03-16 23:39:24,35.7333,140.8333,55.0,50,20,9.22
4,Abu Samrah,SY,2021-03-16 23:39:25,35.3029,37.1841,48.97,84,93,7.85
5,Port Alfred,ZA,2021-03-16 23:39:27,-33.5906,26.891,66.0,91,90,8.61
6,Vijes,CO,2021-03-16 23:39:27,3.6993,-76.4423,71.6,88,40,6.91
7,Ushuaia,AR,2021-03-16 23:39:28,-54.8,-68.3,44.6,65,75,23.02
8,Puerto Ayora,EC,2021-03-16 23:35:24,-0.7393,-90.3518,82.4,78,20,9.22
9,Vestmannaeyjar,IS,2021-03-16 23:39:28,63.4427,-20.2734,44.94,95,100,19.75
10,Manzhouli,CN,2021-03-16 23:39:30,49.6,117.4333,14.74,77,37,6.96
11,Mercedes,AR,2021-03-16 23:39:31,-34.6515,-59.4307,69.01,96,85,7.74
12,Avarua,CK,2021-03-16 23:39:31,-21.2078,-159.775,84.2,74,75,13.8
13,Hilo,US,2021-03-16 23:39:32,19.7297,-155.09,78.8,69,90,9.22
14,Nong Bua,TH,2021-03-16 23:39:32,15.8646,100.5858,84.99,61,42,6.26
15,Punta Arenas,CL,2021-03-16 23:39:33,-53.15,-70.9167,48.2,71,75,40.29
16,Bredasdorp,ZA,2021-03-16 23:39:33,-34.5322,20.0403,57.2,94,3,1.14
17,Mount Gambier,AU,2021-03-16 23:39:34,-37.8333,140.7667,62.6,77,0,5.75
18,Airai,TL,2021-03-16 23:39:34,-8.9266,125.4092,68.49,71,83,0.49
19,Upernavik,GL,2021-03-16 23:39:35,72.7868,-56.1549,-2.67,97,98,1.61
20,Cidreira,BR,2021-03-16 23:39:36,-30.1811,-50.2056,77.2,87,98,19.44
21,Yellowknife,CA,2021-03-16 23:39:36,62.456,-114.3525,14.0,48,20,8.05
22,Mataura,NZ,2021-03-16 23:39:37,-46.1927,168.8643,57.99,65,91,13.0
23,Samaipata,BO,2021-03-16 23:39:38,-18.15,-63.8667,56.07,98,68,3.74
24,Vaini,TO,2021-03-16 23:39:38,-21.2,-175.2,82.4,74,20,10.36
25,Lagoa,PT,2021-03-16 23:39:40,39.05,-27.9833,59.77,88,100,27.54
26,Souillac,MU,2021-03-16 23:39:41,-20.5167,57.5167,78.8,78,75,10.36
27,Anloga,GH,2021-03-16 23:39:42,5.7947,0.8973,82.4,83,20,10.36
28,Bambous Virieux,MU,2021-03-16 23:39:42,-20.3428,57.7575,78.8,78,75,10.36
29,East London,ZA,2021-03-16 23:39:43,-33.0153,27.9116,70.32,75,87,6.4
30,Fukue,JP,2021-03-16 23:39:43,32.6881,128.8419,53.6,82,0,3.44
31,Atuona,PF,2021-03-16 23:39:45,-9.8,-139.0333,80.4,68,34,9.44
32,Los Llanos De Aridane,ES,2021-03-16 23:36:14,28.6585,-17.9182,64.4,68,75,12.66
33,Victoria,HK,2021-03-16 23:37:41,22.2855,114.1577,73.0,89,7,6.85
34,Kapaa,US,2021-03-16 23:39:46,22.0752,-159.319,73.4,78,90,24.16
35,Albany,US,2021-03-16 23:39:46,42.6001,-73.9662,32.0,30,100,3.94
36,Morant Bay,JM,2021-03-16 23:39:48,17.8815,-76.4093,82.4,69,20,19.57
37,Lompoc,US,2021-03-16 23:39:48,34.6391,-120.4579,55.4,62,75,18.41
38,Nemuro,JP,2021-03-16 23:39:48,43.3236,145.575,33.71,75,83,11.86
39,Rikitea,PF,2021-03-16 23:39:49,-23.1203,-134.9692,80.53,73,73,6.71
40,Castro,BR,2021-03-16 23:34:57,-24.7911,-50.0119,65.61,89,15,2.28
41,Ilulissat,GL,2021-03-16 23:39:50,69.2167,-51.1,10.4,72,75,5.75
42,Guerrero Negro,MX,2021-03-16 23:39:50,27.9769,-114.0611,58.48,58,0,22.88
43,Norrtalje,SE,2021-03-16 23:39:51,59.758,18.705,30.99,93,0,2.3
44,Alyangula,AU,2021-03-16 23:39:52,-13.8483,136.4192,84.76,66,55,3.56
45,Esmeraldas,BR,2021-03-16 23:37:31,-19.7625,-44.3139,75.2,60,0,9.22
46,Thinadhoo,MV,2021-03-16 23:39:53,0.5333,72.9333,82.62,71,88,7.94
47,Esperance,AU,2021-03-16 23:39:53,-33.8667,121.9,62.6,67,87,17.27
48,Novoagansk,RU,2021-03-16 23:39:55,61.9449,76.6625,21.7,94,99,9.82
49,De-Kastri,RU,2021-03-16 23:39:55,51.4667,140.7833,16.95,87,100,12.06
50,Lavrentiya,RU,2021-03-16 23:39:57,65.5833,-171.0,4.93,92,100,4.47
51,Busselton,AU,2021-03-16 23:39:59,-33.65,115.3333,70.72,50,0,3.98
52,Port Moresby,PG,2021-03-16 23:39:59,-9.4431,147.1797,78.8,89,40,8.05
53,Bluff,NZ,2021-03-16 23:40:00,-46.6,168.3333,57.99,65,73,13.0
54,Bethel,US,2021-03-16 23:37:16,41.3712,-73.414,32.0,53,97,4.16
55,Jatibonico,CU,2021-03-16 23:40:01,21.9419,-79.17,74.35,67,0,11.27
56,Namibe,AO,2021-03-16 23:36:06,-15.1961,12.1522,76.12,80,99,2.55
57,Verkhnyaya Inta,RU,2021-03-16 23:40:01,65.9811,60.3094,20.64,97,100,1.9
58,Luderitz,NA,2021-03-16 23:40:03,-26.6481,15.1594,62.24,85,0,10.74
59,Thompson,CA,2021-03-16 23:40:03,55.7435,-97.8558,32.0,32,20,11.5
60,Ribeira Grande,PT,2021-03-16 23:40:04,38.5167,-28.7,61.7,89,100,26.19
61,Codrington,AU,2021-03-16 23:40:04,-38.2667,141.9667,71.8,54,0,6.46
62,Moose Factory,CA,2021-03-16 23:40:05,51.2585,-80.6094,39.2,48,90,9.22
63,Bengkulu,ID,2021-03-16 23:40:05,-3.8004,102.2655,75.04,82,77,4.32
64,Kisaran,ID,2021-03-16 23:40:06,2.9845,99.6158,73.63,94,72,1.54
65,Tuktoyaktuk,CA,2021-03-16 23:40:06,69.4541,-133.0374,-13.0,77,20,3.44
66,Barrow,US,2021-03-16 23:40:07,71.2906,-156.7887,-0.4,71,90,20.71
67,Son La,VN,2021-03-16 23:38:22,21.3167,103.9,68.4,90,16,2.39
68,Touros,BR,2021-03-16 23:40:08,-5.1989,-35.4608,80.6,74,40,11.5
69,Katsuura,JP,2021-03-16 23:40:09,35.1333,140.3,55.4,44,20,10.36
70,Alberton,CA,2021-03-16 23:40:09,46.8168,-64.0654,19.4,49,100,14.97
71,Catio,GW,2021-03-16 23:40:10,11.2833,-15.25,71.6,73,82,5.79
72,Gijon,ES,2021-03-16 23:37:08,43.5357,-5.6615,52.0,93,0,4.61
73,Hermanus,ZA,2021-03-16 23:40:10,-34.4187,19.2345,57.99,91,14,11.41
74,Husavik,IS,2021-03-16 23:40:11,66.0449,-17.3389,37.4,75,20,4.61
75,Shimoda,JP,2021-03-16 23:40:11,34.6667,138.95,59.0,58,0,17.27
76,Wageningen,NL,2021-03-16 23:40:12,51.9667,5.6667,41.0,100,90,4.61
77,Khatanga,RU,2021-03-16 23:40:12,71.9667,102.5,-42.66,97,51,10.96
78,Jinchang,CN,2021-03-16 23:40:04,38.4953,102.1739,35.69,28,100,4.54
79,Butaritari,KI,2021-03-16 23:40:13,3.0707,172.7902,81.14,74,63,9.84
80,Vila Velha,BR,2021-03-16 23:40:13,-20.3297,-40.2925,78.8,78,0,8.05
81,Dikson,RU,2021-03-16 23:40:14,73.5069,80.5464,-28.43,87,61,4.32
82,Mahebourg,MU,2021-03-16 23:40:14,-20.4081,57.7,78.8,78,75,10.36
83,Hithadhoo,MV,2021-03-16 23:36:07,-0.6,73.0833,82.06,69,77,4.23
84,Polunochnoye,RU,2021-03-16 23:40:15,60.8697,60.4153,25.43,85,99,9.89
85,Genhe,CN,2021-03-16 23:40:16,50.7833,121.5167,12.81,92,65,2.37
86,Ponta Do Sol,PT,2021-03-16 23:40:16,32.6667,-17.1,57.0,63,0,1.99
87,Talnakh,RU,2021-03-16 23:37:16,69.4865,88.3972,-26.27,88,88,6.08
88,Batemans Bay,AU,2021-03-16 23:40:17,-35.7167,150.1833,69.01,71,99,1.99
89,Male,MV,2021-03-16 23:40:18,4.1748,73.5089,82.4,78,75,4.61
90,Kavieng,PG,2021-03-16 23:40:18,-2.5744,150.7967,82.94,70,92,7.74
91,Kerema,PG,2021-03-16 23:40:19,-7.9631,145.7785,81.12,80,99,13.82
92,Sao Felix Do Xingu,BR,2021-03-16 23:40:19,-6.6447,-51.995,73.8,94,69,1.72
93,Lake Cowichan,CA,2021-03-16 23:40:20,48.825,-124.0546,48.2,53,75,6.91
94,Vung Tau,VN,2021-03-16 23:40:21,10.346,107.0843,76.78,82,39,12.5
95,Fort Nelson,CA,2021-03-16 23:40:22,58.8053,-122.7002,50.0,22,40,4.61
96,Cape Town,ZA,2021-03-16 23:39:26,-33.9258,18.4232,63.0,77,0,14.97
97,Sioux Lookout,CA,2021-03-16 23:40:24,50.1001,-91.917,44.6,33,75,4.61
98,Saint-Philippe,RE,2021-03-16 23:40:24,-21.3585,55.7679,75.2,64,0,5.75
99,Pouebo,NC,2021-03-16 23:40:26,-20.4,164.5667,82.8,68,12,8.25
100,New Norfolk,AU,2021-03-16 23:40:26,-42.7826,147.0587,63.0,58,60,1.01
101,Zlotoryja,PL,2021-03-16 23:40:28,51.1264,15.9198,37.0,84,90,5.77
102,Jamestown,US,2021-03-16 23:40:28,42.097,-79.2353,39.99,70,1,3.51
103,Chokurdakh,RU,2021-03-16 23:40:28,70.6333,147.9167,-18.76,84,0,8.19
104,Georgetown,MY,2021-03-16 23:40:20,5.4112,100.3354,80.6,78,20,2.3
105,Qaanaaq,GL,2021-03-16 23:40:29,77.484,-69.3632,1.18,84,98,4.27
106,Port Blair,IN,2021-03-16 23:40:30,11.6667,92.75,76.77,68,72,5.95
107,Mitsamiouli,KM,2021-03-16 23:40:32,-11.3847,43.2844,81.64,70,0,4.81
108,Slonim,BY,2021-03-16 23:40:33,53.0867,25.3219,33.44,93,100,11.1
109,Torbay,CA,2021-03-16 23:40:34,47.6666,-52.7314,27.0,86,90,27.63
110,Beloha,MG,2021-03-16 23:40:34,-25.1667,45.05,74.61,75,0,9.86
111,Rio Bonito,BR,2021-03-16 23:40:35,-22.7086,-42.6097,75.2,88,40,5.75
112,Yonibana,SL,2021-03-16 23:40:35,8.4447,-12.245,76.66,74,1,3.06
113,Jizan,SA,2021-03-16 23:40:36,17.3333,42.6667,80.6,69,0,3.44
114,Broken Hill,AU,2021-03-16 23:40:36,-31.95,141.4333,66.2,48,44,6.91
115,Port Elizabeth,ZA,2021-03-16 23:40:38,-33.918,25.5701,59.0,92,11,1.01
116,Kodiak,US,2021-03-16 23:39:09,57.79,-152.4072,35.6,44,1,10.36
117,Abalak,RU,2021-03-16 23:40:39,58.1286,68.5944,19.06,98,100,8.19
118,Sao Filipe,CV,2021-03-16 23:40:39,14.8961,-24.4956,71.19,75,0,5.01
119,Poum,NC,2021-03-16 23:40:41,-20.2333,164.0167,79.5,73,10,3.13
120,Mehamn,NO,2021-03-16 23:40:42,71.0357,27.8492,17.24,84,100,24.56
121,Kolchugino,RU,2021-03-16 23:40:42,56.3,39.3833,29.61,98,100,4.41
122,Nouadhibou,MR,2021-03-16 23:40:42,20.931,-17.0347,64.83,77,40,18.92
123,Trairi,BR,2021-03-16 23:40:43,-3.2778,-39.2689,78.28,83,83,5.95
124,Tiksi,RU,2021-03-16 23:40:44,71.6872,128.8694,-14.8,99,100,3.96
125,Bira,RU,2021-03-16 23:40:44,49.0,132.4667,25.34,77,100,3.78
126,Turbat,PK,2021-03-16 23:40:45,26.0023,63.044,63.36,67,17,0.76
127,Sarangani,PH,2021-03-16 23:40:45,5.4033,125.4636,83.32,71,76,5.84
128,Veraval,IN,2021-03-16 23:36:19,20.9,70.3667,76.59,49,0,9.95
129,Carnarvon,AU,2021-03-16 23:40:46,-24.8667,113.6333,78.8,83,27,14.97
130,Marsa Matruh,EG,2021-03-16 23:40:48,31.3525,27.2453,53.6,71,0,5.75
131,Avera,US,2021-03-16 23:40:48,33.194,-82.5271,53.6,100,40,8.05
132,Nantucket,US,2021-03-16 23:38:53,41.2835,-70.0995,28.4,54,1,5.75
133,San Patricio,US,2021-03-16 23:40:49,28.017,-97.5169,75.2,83,90,18.41
134,Boca Do Acre,BR,2021-03-16 23:40:50,-8.7522,-67.3978,78.28,79,75,2.59
135,Whitley Bay,GB,2021-03-16 23:40:51,55.0397,-1.4471,43.0,75,18,4.61
136,Bukachacha,RU,2021-03-16 23:40:51,52.9833,116.9167,12.42,92,100,1.3
137,Arraial Do Cabo,BR,2021-03-16 23:40:52,-22.9661,-42.0278,77.31,83,0,19.77
138,Aklavik,CA,2021-03-16 23:36:55,68.2191,-135.0107,-4.0,65,69,1.14
139,Nishihara,JP,2021-03-16 23:40:52,26.1842,127.7558,71.6,94,20,3.4
140,Cockburn Town,TC,2021-03-16 23:40:53,21.4612,-71.1419,75.2,69,40,14.97
141,General Roca,AR,2021-03-16 23:40:54,-39.0333,-67.5833,68.0,77,75,2.3
142,Severo-Kurilsk,RU,2021-03-16 23:40:55,50.6789,156.125,34.92,98,100,13.29
143,Belmonte,BR,2021-03-16 23:40:56,-15.8631,-38.8828,77.0,83,20,6.91
144,Clyde River,CA,2021-03-16 23:40:57,70.4692,-68.5914,-18.4,69,20,14.97
145,Sola,VU,2021-03-16 23:40:57,-13.8833,167.55,82.2,73,71,12.06
146,Whitecourt,CA,2021-03-16 23:39:51,54.1502,-115.6855,48.2,21,20,11.5
147,Ancud,CL,2021-03-16 23:40:58,-41.8697,-73.8203,57.2,54,0,11.5
148,Quelimane,MZ,2021-03-16 23:40:58,-17.8786,36.8883,80.6,83,0,0.74
149,Mahon,ES,2021-03-16 23:40:59,39.8885,4.2658,50.0,81,0,5.75
150,Kimbe,PG,2021-03-16 23:40:59,-5.5502,150.1429,87.57,58,81,1.95
151,Bilibino,RU,2021-03-16 23:41:00,68.0546,166.4372,-10.57,92,100,4.85
152,Muisne,EC,2021-03-16 23:41:01,0.6,-80.0333,78.6,85,96,3.89
153,Baruun-Urt,MN,2021-03-16 23:41:02,46.6806,113.2792,20.8,57,60,7.05
154,Praia Da Vitoria,PT,2021-03-16 23:41:03,38.7333,-27.0667,60.01,94,75,17.34
155,Paita,PE,2021-03-16 23:41:04,-5.0892,-81.1144,77.76,75,55,14.29
156,Samarai,PG,2021-03-16 23:41:04,-10.6167,150.6667,83.61,73,92,8.84
157,Winnemucca,US,2021-03-16 23:41:05,40.973,-117.7357,42.8,61,90,2.59
158,Pevek,RU,2021-03-16 23:41:05,69.7008,170.3133,-6.43,93,100,12.24
159,Khandyga,RU,2021-03-16 23:41:06,62.6667,135.6,-0.24,88,72,4.72
160,Francistown,BW,2021-03-16 23:41:06,-21.17,27.5079,66.85,58,3,6.42
161,Ulundi,ZA,2021-03-16 23:41:07,-28.3352,31.4162,68.63,90,96,0.83
162,Siniscola,IT,2021-03-16 23:41:08,40.5719,9.6922,44.6,76,0,6.91
163,Visnes,NO,2021-03-16 23:41:09,59.3556,5.2242,39.2,56,40,11.5
164,Port Hardy,CA,2021-03-16 23:41:09,50.6996,-127.4199,44.6,65,90,8.05
165,North Platte,US,2021-03-16 23:41:10,41.1239,-100.7654,41.0,60,75,10.36
166,Kroonstad,ZA,2021-03-16 23:41:10,-27.6504,27.2349,63.0,84,34,6.85
167,Plettenberg Bay,ZA,2021-03-16 23:41:11,-34.0527,23.3716,62.96,86,64,2.53
168,Tuatapere,NZ,2021-03-16 23:41:12,-46.1333,167.6833,57.99,62,96,13.0
169,Aljezur,PT,2021-03-16 23:41:13,37.3191,-8.8033,55.6,72,0,7.34
170,Vardo,NO,2021-03-16 23:41:14,70.3705,31.1107,12.2,85,40,11.5
171,Seoul,KR,2021-03-16 23:41:15,37.5683,126.9778,37.4,65,0,1.14
172,Tabou,CI,2021-03-16 23:41:15,4.423,-7.3528,78.96,88,76,10.02
173,Dingle,PH,2021-03-16 23:41:16,10.9995,122.6711,81.1,81,50,3.6
174,Tartus,SY,2021-03-16 23:41:16,34.889,35.8866,59.0,55,40,11.5
175,Saint-Pierre,RE,2021-03-16 23:41:17,-21.3393,55.4781,75.2,69,0,5.75
176,Syamzha,RU,2021-03-16 23:41:18,60.0158,41.0614,29.05,97,90,3.36
177,Omsukchan,RU,2021-03-16 23:41:18,62.5333,155.8,1.06,90,59,8.61
178,Lisakovsk,KZ,2021-03-16 23:41:19,52.5369,62.4936,6.62,77,29,9.8
179,Vilyuysk,RU,2021-03-16 23:41:19,63.7553,121.6247,8.1,95,99,7.76
180,Baijiantan,CN,2021-03-16 23:41:20,45.6333,85.1833,26.62,94,99,8.28
181,Iqaluit,CA,2021-03-16 23:41:20,63.7506,-68.5145,-14.8,70,75,2.3
182,Te Anau,NZ,2021-03-16 23:41:21,-45.4167,167.7167,57.99,57,57,2.46
183,Baiyin,CN,2021-03-16 23:36:25,36.5583,104.2081,48.0,35,47,2.24
184,Bathsheba,BB,2021-03-16 23:41:21,13.2167,-59.5167,78.8,65,40,13.8
185,Sept-Iles,CA,2021-03-16 23:41:22,50.2001,-66.3821,17.01,61,20,2.3
186,Honningsvag,NO,2021-03-16 23:41:23,70.9821,25.9704,21.42,77,100,24.72
187,Nizhneangarsk,RU,2021-03-16 23:41:23,55.7833,109.55,5.95,84,93,1.21
188,Belyy Yar,RU,2021-03-16 23:41:24,53.6039,91.3903,-9.4,84,3,2.24
189,Provideniya,RU,2021-03-16 23:41:25,64.3833,-173.3,6.8,78,75,6.71
190,Nanchang,CN,2021-03-16 23:41:25,28.6833,115.8833,59.09,92,100,5.01
191,Kavaratti,IN,2021-03-16 23:41:27,10.5669,72.642,82.71,69,1,7.56
192,Icod De Los Vinos,ES,2021-03-16 23:41:28,28.3724,-16.7119,59.0,61,4,9.8
193,Quatre Cocos,MU,2021-03-16 23:41:29,-20.2078,57.7625,78.8,78,75,10.36
194,Waingapu,ID,2021-03-16 23:41:29,-9.6567,120.2641,81.21,79,76,2.75
195,Mandalgovi,MN,2021-03-16 23:41:30,45.7625,106.2708,22.55,56,97,5.95
196,Faanui,PF,2021-03-16 23:41:30,-16.4833,-151.75,82.74,73,26,11.43
197,Bonfim,BR,2021-03-16 23:41:31,3.0833,-59.95,82.24,66,94,7.29
198,Chuy,UY,2021-03-16 23:41:32,-33.6971,-53.4616,73.35,87,99,12.75
199,Payo,ID,2021-03-16 23:41:33,-3.7508,103.6372,72.54,94,53,1.86
200,Vierzon,FR,2021-03-16 23:41:34,47.2101,2.0625,50.0,93,75,5.75
201,Panacan,PH,2021-03-16 23:41:34,9.2463,118.4082,77.0,94,20,4.61
202,Saskylakh,RU,2021-03-16 23:41:35,71.9167,114.0833,-41.75,78,83,8.7
203,Contamana,PE,2021-03-16 23:41:36,-7.3333,-75.0167,72.45,85,98,3.36
204,Coquimbo,CL,2021-03-16 23:38:04,-29.9533,-71.3436,64.4,72,0,10.36
205,Abancay,PE,2021-03-16 23:41:36,-13.6339,-72.8814,58.3,92,98,4.21
206,Saint George,US,2021-03-16 23:37:56,37.1041,-113.5841,46.99,61,90,9.22
207,Ayan,RU,2021-03-16 23:41:37,56.45,138.1667,12.87,65,96,4.52
208,Bonavista,CA,2021-03-16 23:41:39,48.6499,-53.1147,26.01,86,100,9.22
209,Kutum,SD,2021-03-16 23:41:39,14.2,24.6667,68.76,11,0,5.84
210,Nalut,LY,2021-03-16 23:41:40,30.3333,10.85,56.5,37,67,13.65
211,Helong,CN,2021-03-16 23:41:41,42.5397,128.9972,29.98,35,1,5.77
212,Marienburg,PL,2021-03-16 23:41:42,54.0359,19.0266,36.0,100,0,5.19
213,Saint-Joseph,RE,2021-03-16 23:41:42,-21.3667,55.6167,75.2,69,0,5.75
214,Igrim,RU,2021-03-16 23:41:42,63.1906,64.4162,17.58,95,83,5.75
215,Jijiga,ET,2021-03-16 23:41:43,9.35,42.8,56.55,91,46,3.76
216,Koumac,NC,2021-03-16 23:41:43,-20.5667,164.2833,82.38,66,8,4.79
217,Aksu,CN,2021-03-16 23:41:44,41.1231,80.2644,48.06,39,100,6.96
218,Santa Isabel Do Rio Negro,BR,2021-03-16 23:41:44,-0.4139,-65.0192,76.1,90,100,1.5
219,Saint-Paul-Les-Dax,FR,2021-03-16 23:41:45,43.7272,-1.0516,51.01,87,27,2.84
220,Mayo,US,2021-03-16 23:41:45,38.8876,-76.5119,43.0,70,90,10.36
221,Kalmunai,LK,2021-03-16 23:41:46,7.4167,81.8167,79.2,77,89,5.57
222,Mendeleyevo,RU,2021-03-16 23:41:46,56.0333,37.2167,32.0,93,90,8.95
223,Kaitangata,NZ,2021-03-16 23:41:48,-46.2817,169.8464,55.99,69,95,14.0
224,Itarema,BR,2021-03-16 23:41:49,-2.9248,-39.9167,78.13,83,78,6.93
225,Teguldet,RU,2021-03-16 23:41:50,57.3064,88.1667,9.72,96,100,6.38
226,Praia,CV,2021-03-16 23:41:50,14.9215,-23.5087,69.8,73,0,13.8
227,Mar Del Plata,AR,2021-03-16 23:41:51,-38.0023,-57.5575,66.2,94,90,9.22
228,Jaciara,BR,2021-03-16 23:41:51,-15.9653,-54.9683,74.52,89,100,1.88
229,Brigantine,US,2021-03-16 23:38:49,39.4101,-74.3646,39.99,81,90,3.44
230,Ust-Tsilma,RU,2021-03-16 23:41:51,65.441,52.1498,22.08,97,94,3.31
231,Kruisfontein,ZA,2021-03-16 23:41:52,-34.0033,24.7314,59.0,92,51,1.01
232,Pontianak,ID,2021-03-16 23:41:53,-0.0333,109.3333,73.4,94,20,1.99
233,Beyneu,KZ,2021-03-16 23:41:53,45.3167,55.2,33.26,52,100,26.82
234,Catuday,PH,2021-03-16 23:41:53,16.2923,119.8062,80.19,73,62,3.74
235,Tasiilaq,GL,2021-03-16 23:41:54,65.6145,-37.6368,26.6,93,90,31.07
236,Cabo San Lucas,MX,2021-03-16 23:41:38,22.8909,-109.9124,78.8,34,1,5.75
237,Altay,CN,2021-03-16 23:41:55,47.8667,88.1167,9.84,76,96,1.63
238,Borogontsy,RU,2021-03-16 23:41:55,62.6683,131.1683,10.17,94,100,5.84
239,Lashio,MM,2021-03-16 23:41:56,22.9333,97.75,58.24,55,0,1.07
240,Umm Kaddadah,SD,2021-03-16 23:41:56,13.6017,26.6876,80.49,13,0,14.23
241,Noyon,FR,2021-03-16 23:41:58,49.5833,3.0,45.0,76,90,25.32
242,Omboue,GA,2021-03-16 23:41:58,-1.5746,9.2618,76.64,88,88,5.08
243,Mayumba,GA,2021-03-16 23:41:59,-3.432,10.6554,77.13,84,90,4.9
244,Rawson,AR,2021-03-16 23:40:50,-43.3002,-65.1023,54.07,62,74,23.42
245,Mosquera,CO,2021-03-16 23:42:00,4.7059,-74.2302,57.2,94,75,6.91
246,Nanortalik,GL,2021-03-16 23:42:01,60.1432,-45.2371,26.69,95,100,1.43
247,Broome,US,2021-03-16 23:42:02,42.2506,-75.833,30.0,80,90,6.91
248,Safaga,EG,2021-03-16 23:42:03,26.7292,33.9365,66.2,34,0,5.75
249,Erzin,TR,2021-03-16 23:42:03,36.9559,36.2,57.99,72,91,5.01
250,Laguna,US,2021-03-16 23:42:04,38.421,-121.4238,62.01,41,1,5.75
251,Tadine,NC,2021-03-16 23:42:05,-21.55,167.8833,81.21,70,64,2.68
252,Jurilovca,RO,2021-03-16 23:42:05,44.7667,28.8667,43.0,93,75,4.61
253,Sao Gabriel Da Cachoeira,BR,2021-03-16 23:42:07,-0.1303,-67.0892,75.07,97,99,2.37
254,Piacabucu,BR,2021-03-16 23:42:07,-10.4056,-36.4344,78.06,73,10,7.65
255,Samandag,TR,2021-03-16 23:42:08,36.0842,35.9771,48.2,93,75,6.91
256,Constitucion,CL,2021-03-16 23:39:20,-35.3333,-72.4167,56.23,87,24,11.83
257,Tual,ID,2021-03-16 23:42:09,-5.6667,132.75,82.98,69,19,3.15
258,Isangel,VU,2021-03-16 23:42:10,-19.55,169.2667,86.0,70,20,13.8
259,Dubbo,AU,2021-03-16 23:42:11,-32.25,148.6167,66.2,68,90,17.27
260,Jiangyou,CN,2021-03-16 23:42:11,31.7667,104.7167,62.46,86,99,3.67
261,Suicheng,CN,2021-03-16 23:42:11,33.8963,117.9331,41.25,67,100,10.42
262,Suez,EG,2021-03-16 23:42:12,29.9737,32.5263,59.25,78,0,10.02
263,Mwene-Ditu,CD,2021-03-16 23:42:12,-7.0,23.45,64.96,95,100,5.1
264,Lebu,CL,2021-03-16 23:42:13,-37.6167,-73.65,55.54,89,73,13.13
265,Areia Branca,BR,2021-03-16 23:42:13,-4.9561,-37.1369,79.9,80,1,17.52
266,Marawi,PH,2021-03-16 23:42:14,7.9986,124.2928,78.01,84,21,3.0
267,Rudbar,AF,2021-03-16 23:42:14,30.15,62.6,60.62,25,68,1.16
268,Kaeo,NZ,2021-03-16 23:42:14,-35.1,173.7833,71.01,62,35,1.01
269,Asau,RO,2021-03-16 23:42:15,46.4333,26.4,37.99,67,100,9.8
270,Tingi,TZ,2021-03-16 23:42:15,-11.3,35.0333,63.68,92,85,2.19
271,Havre-Saint-Pierre,CA,2021-03-16 23:42:17,50.2334,-63.5986,6.8,56,1,2.3
272,Pula,HR,2021-03-16 23:42:17,44.8683,13.8481,33.8,64,0,6.91
273,Aksarka,RU,2021-03-16 23:42:18,66.5606,67.7975,0.32,93,100,10.13
274,Jacqueville,CI,2021-03-16 23:42:18,5.2052,-4.4146,80.6,94,20,5.75
275,Tongren,CN,2021-03-16 23:42:19,27.7172,109.1853,59.58,89,100,3.8
276,La Asuncion,VE,2021-03-16 23:42:19,11.0333,-63.8628,80.6,74,71,19.57
277,Nizwa,OM,2021-03-16 23:42:20,22.9333,57.5333,65.12,33,18,2.08
278,Helmsdale,GB,2021-03-16 23:42:21,58.1168,-3.6517,42.8,81,0,12.66
279,Takoradi,GH,2021-03-16 23:42:21,4.8845,-1.7554,80.98,84,69,10.54
280,Bud,US,2021-03-16 23:42:23,39.447,-86.1758,48.0,90,96,5.37
281,Nusaybin,TR,2021-03-16 23:42:24,37.0778,41.2178,53.47,66,50,6.64
282,Meulaboh,ID,2021-03-16 23:42:24,4.1363,96.1285,76.78,90,99,8.05
283,Port Keats,AU,2021-03-16 23:42:25,-14.25,129.55,80.56,79,91,3.4
284,Nikolskoye,RU,2021-03-16 23:42:26,59.7035,30.7861,30.99,93,0,2.1
285,Kenai,US,2021-03-16 23:42:27,60.5544,-151.2583,28.4,46,1,5.75
286,Petatlan,MX,2021-03-16 23:42:28,17.5167,-101.2667,84.2,65,40,11.5
287,Sucha Beskidzka,PL,2021-03-16 23:42:28,49.7419,19.5943,37.4,87,75,13.8
288,Berlevag,NO,2021-03-16 23:42:29,70.8578,29.0864,18.46,92,100,26.57
289,Whitianga,NZ,2021-03-16 23:42:29,-36.8333,175.7,64.8,77,76,5.84
290,Itanhandu,BR,2021-03-16 23:42:30,-22.2958,-44.9347,69.01,85,11,2.21
291,Galesburg,US,2021-03-16 23:42:31,40.9478,-90.3712,46.0,93,90,5.75
292,Russkaya Polyana,UA,2021-03-16 23:42:31,49.417,31.9201,33.26,92,79,9.4
293,Biak,ID,2021-03-16 23:42:32,-0.9131,122.8766,80.64,75,53,0.63
294,Lata,PT,2021-03-16 23:42:32,40.1629,-8.3327,55.4,62,0,2.3
295,Shelburne,CA,2021-03-16 23:42:33,44.0787,-80.2041,35.01,55,46,4.81
296,Gamba,GA,2021-03-16 23:42:34,-2.65,10.0,76.8,84,97,4.16
297,Nuuk,GL,2021-03-16 23:41:01,64.1835,-51.7216,15.8,73,75,10.36
298,Phulji,PK,2021-03-16 23:42:34,26.8825,67.6807,72.05,32,63,4.05
299,Shar,KZ,2021-03-16 23:42:35,49.5886,81.0453,-6.79,96,50,2.95
300,Lorengau,PG,2021-03-16 23:42:35,-2.0226,147.2712,85.15,67,97,7.85
301,Balakhninskiy,RU,2021-03-16 23:42:36,58.0106,114.2769,11.05,96,98,2.06
302,Kloulklubed,PW,2021-03-16 23:42:36,7.0419,134.2556,82.4,78,75,8.05
303,Irbeyskoye,RU,2021-03-16 23:42:37,55.6428,95.4522,7.41,90,93,4.12
304,Yerbogachen,RU,2021-03-16 23:42:38,61.2767,108.0108,15.06,95,100,10.94
305,Moyale,KE,2021-03-16 23:42:38,3.5167,39.0584,71.1,52,45,6.62
306,Cairns,AU,2021-03-16 23:42:38,-16.9167,145.7667,88.0,65,69,4.61
307,Margate,GB,2021-03-16 23:42:39,51.3813,1.3862,46.0,75,64,4.0
308,Jiaojiang,CN,2021-03-16 23:42:39,28.6803,121.4428,60.01,86,95,1.99
309,Huilong,CN,2021-03-16 23:42:40,31.8111,121.655,51.01,79,98,4.0
310,Gamboma,CG,2021-03-16 23:42:40,-1.8764,15.8644,70.57,94,92,3.02
311,Sakakah,SA,2021-03-16 23:42:41,29.9697,40.2064,66.2,26,0,6.91
312,Coihaique,CL,2021-03-16 23:42:42,-45.5752,-72.0662,57.2,51,20,4.61
313,Ariquemes,BR,2021-03-16 23:42:43,-9.9133,-63.0408,75.76,94,100,3.04
314,Leh,IN,2021-03-16 23:42:44,34.1667,77.5833,20.28,70,61,4.34
315,Geraldton,AU,2021-03-16 23:42:45,-28.7667,114.6,71.6,88,49,3.44
316,Kargil,IN,2021-03-16 23:42:45,34.5667,76.1,18.86,91,100,1.92
317,Rabo De Peixe,PT,2021-03-16 23:42:48,37.8,-25.5833,59.0,67,75,13.8
318,Niquero,CU,2021-03-16 23:42:48,20.0431,-77.5828,76.14,77,2,9.19
319,Astorga,BR,2021-03-16 23:42:49,-23.2325,-51.6656,82.4,65,0,3.44
320,Dongsheng,CN,2021-03-16 23:42:49,39.8161,109.9776,36.5,67,58,9.35
321,Komsomolskiy,UZ,2021-03-16 23:42:50,40.4272,71.7189,35.6,80,100,4.61
322,Bambanglipuro,ID,2021-03-16 23:42:51,-7.95,110.2833,77.76,81,5,2.26
323,Flinders,AU,2021-03-16 23:42:52,-34.5833,150.8552,69.01,76,99,4.0
324,Vostok,RU,2021-03-16 23:42:53,46.4856,135.8833,20.59,97,100,6.49
325,San Quintin,MX,2021-03-16 23:42:54,30.4833,-115.95,56.86,62,0,19.3
326,Yenagoa,NG,2021-03-16 23:42:55,4.9247,6.2642,78.22,90,100,5.23
327,Belaya Gora,RU,2021-03-16 23:42:56,68.5333,146.4167,-7.6,83,1,10.0
328,Tilichiki,RU,2021-03-16 23:42:56,60.4667,166.1,14.14,86,37,11.56
329,Kamaishi,JP,2021-03-16 23:42:57,39.2667,141.8833,41.0,56,75,9.22
330,Srednekolymsk,RU,2021-03-16 23:42:57,67.45,153.6833,-11.45,83,0,4.07
331,Placido De Castro,BR,2021-03-16 23:42:58,-10.3353,-67.1856,76.23,87,90,0.43
332,Semnan,IR,2021-03-16 23:42:58,35.5729,53.3971,50.67,61,91,1.07
333,Cherskiy,RU,2021-03-16 23:42:59,68.75,161.3,-19.28,93,100,5.79
334,Puerto Escondido,MX,2021-03-16 23:38:04,15.85,-97.0667,84.2,70,20,11.5
335,College,US,2021-03-16 23:42:59,64.8569,-147.8028,12.99,72,75,6.91
336,Bereda,ES,2021-03-16 23:43:00,43.2686,-7.5406,43.0,97,24,8.01
337,Cayenne,GF,2021-03-16 23:43:01,4.9333,-52.3333,80.01,83,30,3.44
338,Urengoy,RU,2021-03-16 23:43:01,65.9667,78.3667,11.59,94,100,15.03
339,Batticaloa,LK,2021-03-16 23:43:01,7.7102,81.6924,79.47,74,43,6.13
340,Booue,GA,2021-03-16 23:43:02,-0.0921,11.9385,72.55,97,74,5.06
341,Skagen,DK,2021-03-16 23:43:03,57.7209,10.5839,39.76,77,77,3.58
342,Spring Valley,US,2021-03-16 23:40:18,36.108,-115.245,62.01,33,20,6.91
343,Boende,CD,2021-03-16 23:43:03,-0.2167,20.8667,67.75,98,100,1.21
344,Dom Pedro,BR,2021-03-16 23:43:04,-4.4833,-44.45,73.71,96,99,2.48
345,Dombarovskiy,RU,2021-03-16 23:43:04,50.7587,59.5386,4.75,60,0,6.55
346,Ojinaga,MX,2021-03-16 23:43:05,29.5667,-104.4167,87.8,3,40,27.63
347,Rio Gallegos,AR,2021-03-16 23:43:05,-51.6226,-69.2181,50.0,50,0,23.02
348,Adrar,MR,2021-03-16 23:43:06,20.5022,-10.0711,70.9,14,0,7.34
349,Thunder Bay,CA,2021-03-16 23:40:01,48.4001,-89.3168,42.8,31,1,10.36
350,Poopo,BO,2021-03-16 23:43:07,-18.3667,-66.9667,53.17,47,92,5.17
351,Nome,US,2021-03-16 23:42:48,64.5011,-165.4064,14.0,85,90,5.68
352,Alakurtti,RU,2021-03-16 23:43:08,66.9672,30.3491,7.16,92,31,4.79
353,Kapitanivka,UA,2021-03-16 23:43:08,48.9172,31.7167,34.0,92,78,11.45
354,Belize,BZ,2021-03-16 23:43:09,17.25,-88.75,89.6,51,40,4.61
355,Abu Dhabi,AE,2021-03-16 23:43:10,24.4667,54.3667,73.4,73,0,2.3
356,Viedma,AR,2021-03-16 23:43:10,-40.8135,-62.9967,56.89,64,100,26.98
357,Polovinnoye,RU,2021-03-16 23:43:10,54.7914,65.9864,15.03,87,81,10.87
358,Roquetas De Mar,ES,2021-03-16 23:43:12,36.7642,-2.6148,59.0,76,0,6.91
359,Svetlyy,RU,2021-03-16 23:43:12,54.675,20.1347,33.8,100,90,8.95
360,Boguchany,RU,2021-03-16 23:43:13,58.3814,97.4531,7.3,94,99,5.14
361,Rabaul,PG,2021-03-16 23:43:14,-4.1967,152.1721,83.07,67,89,1.81
362,Longyan,CN,2021-03-16 23:43:14,25.1072,117.0225,66.99,82,0,1.01
363,Carupano,VE,2021-03-16 23:43:15,10.6678,-63.2585,75.36,89,41,9.98
364,Palembang,ID,2021-03-16 23:43:15,-2.9167,104.7458,73.4,100,20,2.3
365,Naryan-Mar,RU,2021-03-16 23:43:16,67.6713,53.087,10.35,96,99,4.25
366,Karema,TZ,2021-03-16 23:43:19,-6.8205,30.4389,70.74,83,69,5.95
367,Rochegda,RU,2021-03-16 23:43:19,62.8,43.25,26.73,98,95,4.52
368,Zaraza,VE,2021-03-16 23:43:20,9.3503,-65.3245,79.61,63,55,10.04
369,Henties Bay,NA,2021-03-16 23:43:20,-22.116,14.2845,62.01,88,3,1.01
370,Hailar,CN,2021-03-16 23:43:21,49.2,119.7,15.53,69,65,6.87
371,Tromso,NO,2021-03-16 23:43:22,69.6496,18.957,24.8,68,75,3.44
372,Saint-Augustin,CA,2021-03-16 23:43:23,51.226,-58.6502,9.05,92,85,8.48
373,Westerly,US,2021-03-16 23:41:18,41.3776,-71.8273,32.0,47,90,3.44
374,Ulladulla,AU,2021-03-16 23:43:24,-35.35,150.4667,64.0,94,75,17.27
375,Yamada,JP,2021-03-16 23:43:25,39.4667,141.95,41.25,56,54,9.64
376,Northam,GB,2021-03-16 23:43:25,51.0333,-4.2167,39.99,91,38,1.01
377,Comodoro Rivadavia,AR,2021-03-16 23:43:27,-45.8667,-67.5,51.8,76,0,4.72
378,Sorland,NO,2021-03-16 23:43:28,67.667,12.6934,38.05,61,22,7.4
379,Gorontalo,ID,2021-03-16 23:43:28,0.5412,123.0595,81.28,83,41,2.15
380,Zhanakorgan,KZ,2021-03-16 23:43:30,43.9098,67.2495,26.08,89,0,11.05
381,Neiafu,TO,2021-03-16 23:43:31,-18.65,-173.9833,86.0,70,40,5.75
382,Cuamba,MZ,2021-03-16 23:43:31,-14.8031,36.5372,67.39,97,84,1.23
383,Rosarito,MX,2021-03-16 23:41:40,32.3333,-117.0333,55.99,58,40,16.11
384,Tigil,RU,2021-03-16 23:43:32,57.8,158.6667,20.8,92,100,10.71
385,Soyo,AO,2021-03-16 23:43:32,-6.1349,12.3689,79.07,80,100,2.66
386,Chapayeve,UA,2021-03-16 23:43:33,49.3662,35.8749,35.6,80,90,11.18
387,Seminole,US,2021-03-16 23:39:23,28.7086,-81.2081,84.2,42,75,8.05
388,Minuri,PH,2021-03-16 23:43:34,16.535,121.8574,79.11,81,52,1.34
389,Shahpur Chakar,PK,2021-03-16 23:43:35,26.155,68.6509,69.8,78,100,4.61
390,Olafsvik,IS,2021-03-16 23:43:35,64.8945,-23.7142,42.13,95,100,20.87
391,Cururupu,BR,2021-03-16 23:43:36,-1.8283,-44.8683,75.34,92,88,2.75
392,Ilam,NP,2021-03-16 23:43:38,26.9167,87.9167,59.54,39,0,5.73
393,Labuhan,ID,2021-03-16 23:43:38,-6.8844,112.2051,79.14,82,61,3.87
394,Roald,NO,2021-03-16 23:43:40,62.5833,6.1333,35.01,86,75,12.66
395,Kropotkin,RU,2021-03-16 23:43:40,45.4375,40.5756,42.01,79,96,2.71
396,Moberly,US,2021-03-16 23:43:40,39.4184,-92.4382,44.6,87,90,14.97
397,Chicama,PE,2021-03-16 23:43:41,-7.8447,-79.1469,73.4,88,75,12.66
398,Ouango,CF,2021-03-16 23:43:41,4.3133,22.5552,70.38,98,100,0.63
399,Madang,PG,2021-03-16 23:43:42,-5.2246,145.7966,76.64,86,99,6.71
400,Kitgum,UG,2021-03-16 23:43:42,3.2783,32.8867,66.29,72,98,3.8
401,Pisco,PE,2021-03-16 23:39:12,-13.7,-76.2167,75.2,64,75,20.71
402,Ondangwa,NA,2021-03-16 23:43:44,-17.9167,15.95,73.4,88,99,3.44
403,Deputatskiy,RU,2021-03-16 23:43:44,69.3,139.9,-13.85,85,56,4.38
404,Hami,CN,2021-03-16 23:43:45,42.8,93.45,35.65,52,14,3.85
405,Falun,SE,2021-03-16 23:43:46,60.6036,15.626,28.99,69,39,6.91
406,Norman Wells,CA,2021-03-16 23:43:47,65.282,-126.8329,-2.2,71,75,3.44
407,Asfi,MA,2021-03-16 23:43:48,32.2994,-9.2372,58.86,82,37,8.66
408,Viransehir,TR,2021-03-16 23:43:49,37.2353,39.7631,44.92,88,60,2.42
409,Isla Vista,US,2021-03-16 23:43:49,34.4133,-119.861,60.01,51,1,8.05
410,Straumen,NO,2021-03-16 23:43:50,63.8709,11.2999,37.99,74,75,3.44
411,Ankang,CN,2021-03-16 23:43:50,32.68,109.0172,52.23,72,94,4.36
412,Batagay,RU,2021-03-16 23:43:51,67.6333,134.6333,-5.17,86,100,5.73
413,Yulara,AU,2021-03-16 23:43:51,-25.2406,130.9889,68.0,24,79,10.36
414,Maceio,BR,2021-03-16 23:41:52,-9.6658,-35.7353,75.2,83,0,4.61
415,Owando,CG,2021-03-16 23:43:52,-0.4819,15.8999,69.06,97,100,2.42
416,Matara,LK,2021-03-16 23:41:05,5.9485,80.5353,74.75,91,77,5.35
417,Kanye,BW,2021-03-16 23:43:52,-24.9667,25.3327,64.4,63,33,4.07
418,Maku,IR,2021-03-16 23:43:54,39.2911,44.4521,38.82,69,14,9.24
419,Yangambi,CD,2021-03-16 23:43:54,0.8102,24.4336,70.52,92,100,2.68
420,Balao,EC,2021-03-16 23:43:55,-2.9167,-79.8167,82.4,78,75,3.44
421,Fortuna,US,2021-03-16 23:43:55,40.5982,-124.1573,51.01,57,1,11.5
422,Caraballeda,VE,2021-03-16 23:43:56,10.6112,-66.8522,76.35,87,90,9.8
423,Kisangani,CD,2021-03-16 23:43:58,0.5167,25.2,70.72,96,100,3.65
424,Noumea,NC,2021-03-16 23:43:58,-22.2763,166.4572,84.99,70,0,8.05
425,Santa Maria,BR,2021-03-16 23:40:39,-29.6842,-53.8069,82.4,74,40,6.91
426,Jiwani,PK,2021-03-16 23:43:59,25.05,61.7417,73.31,74,22,7.74
427,Sterling,US,2021-03-16 23:43:59,39.0062,-77.4286,43.0,75,90,9.22
428,Alofi,NU,2021-03-16 23:44:00,-19.0595,-169.9187,86.0,70,75,8.05
429,Senneterre,CA,2021-03-16 23:44:00,48.3835,-77.2328,41.0,28,40,5.75
430,Bandarbeyla,SO,2021-03-16 23:44:00,9.4942,50.8122,77.13,81,76,11.45
431,Lincoln,US,2021-03-16 23:44:01,40.8,-96.667,46.99,81,90,6.91
432,Leningradskiy,RU,2021-03-16 23:44:01,69.3833,178.4167,-0.26,93,100,18.39
433,Gwadar,PK,2021-03-16 23:44:03,25.1216,62.3254,71.56,73,23,5.99
434,Victoriaville,CA,2021-03-16 23:44:03,46.0501,-71.9658,28.4,59,63,12.66
435,Santa Comba,ES,2021-03-16 23:44:04,43.0331,-8.8093,54.0,64,8,1.01
436,Noyabrsk,RU,2021-03-16 23:44:04,63.1994,75.4507,21.49,93,100,14.79
437,Mumford,GH,2021-03-16 23:44:04,5.2618,-0.759,81.48,83,93,14.5
438,Kalevala,RU,2021-03-16 23:44:05,65.2,31.1667,20.97,91,99,9.51
439,Sungairaya,ID,2021-03-16 23:44:05,0.7,108.9,78.6,86,60,2.68
440,Westport,US,2021-03-16 23:44:05,41.1415,-73.3579,32.0,47,90,3.44
441,Half Moon Bay,US,2021-03-16 23:44:07,37.4636,-122.4286,55.4,62,1,8.05
442,Buraydah,SA,2021-03-16 23:42:59,26.326,43.975,78.8,50,40,9.22
443,Kirchheim,DE,2021-03-16 23:44:08,50.8333,9.5667,34.0,92,43,2.21
444,Goure,NE,2021-03-16 23:44:08,13.9835,10.2704,84.99,12,45,8.01
445,Tullahoma,US,2021-03-16 23:44:09,35.362,-86.2094,64.99,77,1,5.75
446,Ochakiv,UA,2021-03-16 23:40:27,46.6128,31.5498,42.8,100,90,6.71
447,Tungor,RU,2021-03-16 23:44:09,53.3808,142.9564,15.21,84,100,15.99
448,Emerald,AU,2021-03-16 23:44:10,-23.5333,148.1667,71.6,88,75,8.05
449,Cap Malheureux,MU,2021-03-16 23:44:11,-19.9842,57.6142,78.01,82,96,5.99
450,Ahipara,NZ,2021-03-16 23:44:12,-35.1667,173.1667,67.89,59,3,9.08
451,Yar-Sale,RU,2021-03-16 23:44:12,66.8333,70.8333,17.04,96,100,4.83
452,Muromtsevo,RU,2021-03-16 23:44:13,56.3724,75.2418,3.61,98,96,6.51
453,Naliya,IN,2021-03-16 23:44:14,23.2667,68.8333,71.6,77,0,8.14
454,Tarko-Sale,RU,2021-03-16 23:44:14,64.9225,77.785,21.63,95,100,12.93
455,Magadi,IN,2021-03-16 23:44:15,12.9667,77.2333,66.2,88,20,2.3
456,New Milford,US,2021-03-16 23:44:15,40.9327,-74.0179,36.0,64,90,3.44
457,Izmit,TR,2021-03-16 23:44:16,40.7669,29.9169,50.0,57,75,8.05
458,Mount Pleasant,US,2021-03-16 23:41:12,32.7941,-79.8626,57.2,88,1,3.62
459,Otane,NZ,2021-03-16 23:44:16,-39.8833,176.6333,66.99,56,0,4.0
460,Saint-Georges,GD,2021-03-16 23:44:17,12.0564,-61.7485,78.8,78,20,17.27
461,Roseburg,US,2021-03-16 23:44:18,43.2165,-123.3417,55.0,35,1,3.44
462,Pimenta Bueno,BR,2021-03-16 23:42:25,-11.6725,-61.1936,74.88,94,100,1.86
463,Dzhebariki-Khaya,RU,2021-03-16 23:44:18,62.2167,135.8,0.59,84,5,2.8
464,Masallatah,LY,2021-03-16 23:44:20,32.6167,14.0,54.9,67,9,16.35
465,Kwekwe,ZW,2021-03-16 23:44:20,-18.9281,29.8149,60.31,78,58,4.79
466,White Rock,CA,2021-03-16 23:40:16,49.0164,-122.8026,50.0,66,62,3.44
467,Timra,SE,2021-03-16 23:44:20,62.487,17.3257,28.4,80,40,8.05
468,Jalu,LY,2021-03-16 23:44:21,29.0331,21.5482,52.75,68,0,5.57
469,Ponta Delgada,PT,2021-03-16 23:44:21,37.7333,-25.6667,59.0,67,75,13.8
470,San Nicolas,PH,2021-03-16 23:44:22,18.1725,120.5953,77.0,94,75,2.3
471,Taoudenni,ML,2021-03-16 23:44:22,22.6783,-3.9836,73.2,17,0,15.64
472,Sinnamary,GF,2021-03-16 23:44:23,5.3833,-52.95,76.91,80,82,11.14
473,Sulangan,PH,2021-03-16 23:44:24,11.1373,123.7228,81.77,79,0,6.87
474,Dalvik,IS,2021-03-16 23:44:25,65.9702,-18.5286,37.4,75,20,4.61
475,Dzialdowo,PL,2021-03-16 23:44:25,53.2396,20.17,32.0,100,90,6.91
476,Kirakira,SB,2021-03-16 23:44:25,-10.4544,161.9205,84.72,70,35,7.52
477,Port-Cartier,CA,2021-03-16 23:44:26,50.0334,-66.8654,17.01,61,20,2.3
478,Saldanha,ZA,2021-03-16 23:44:26,-33.0117,17.9442,60.8,82,0,3.44
479,Palu,ID,2021-03-16 23:44:27,-0.8917,119.8707,80.67,84,99,2.71
480,Kathu,TH,2021-03-16 23:44:28,7.9178,98.3332,84.0,83,20,6.91
481,Harper,LR,2021-03-16 23:44:28,4.375,-7.7169,79.16,88,72,10.33
482,Caravelas,BR,2021-03-16 23:44:29,-17.7125,-39.2481,78.04,82,81,8.7
483,Vouliagmeni,GR,2021-03-16 23:44:30,37.8167,23.7833,53.01,50,20,2.3
484,Obo,CF,2021-03-16 23:44:30,5.3998,26.4869,67.35,95,100,3.62
485,Ilhabela,BR,2021-03-16 23:44:32,-23.7781,-45.3581,76.35,90,39,4.94
486,Emba,KZ,2021-03-16 23:44:33,48.8264,58.1442,7.88,69,0,9.64
487,Usevya,TZ,2021-03-16 23:44:33,-7.1,31.2333,64.83,85,70,2.28
488,Knysna,ZA,2021-03-16 23:44:34,-34.0363,23.0471,60.8,94,75,4.61
489,Lebyazhye,RU,2021-03-16 23:44:34,55.2689,66.4947,15.35,86,85,11.65
490,Kashi,CN,2021-03-16 23:44:35,39.4547,75.9797,48.2,40,40,4.47
491,Shache,CN,2021-03-16 23:44:35,38.4167,77.2406,44.56,40,34,4.27
492,Borovskoy,KZ,2021-03-16 23:44:36,53.8,64.15,12.4,85,92,9.75
493,Grindavik,IS,2021-03-16 23:44:36,63.8424,-22.4338,44.6,100,90,20.71
494,Katghora,IN,2021-03-16 23:44:38,22.5,82.55,68.49,34,0,4.94
495,Zyryanovsk,KZ,2021-03-16 23:44:38,49.7386,84.2719,-1.89,99,92,0.34
496,Sitka,US,2021-03-16 23:44:39,57.0531,-135.33,39.2,70,90,6.91
497,Roebourne,AU,2021-03-16 23:43:37,-20.7833,117.1333,85.77,51,74,7.38
498,Ishigaki,JP,2021-03-16 23:44:40,24.3448,124.1572,73.4,94,75,6.91
499,Kalach-Na-Donu,RU,2021-03-16 23:44:41,48.691,43.5264,33.8,47,75,13.42
500,Timizart,DZ,2021-03-16 23:44:41,36.8,4.2667,45.37,86,11,5.5
501,Bubaque,GW,2021-03-16 23:44:42,11.2833,-15.8333,78.3,64,60,13.78
502,Turinskaya Sloboda,RU,2021-03-16 23:44:42,57.6232,64.3858,17.67,91,95,8.72
503,Poronaysk,RU,2021-03-16 23:44:43,49.2167,143.1167,28.83,80,100,22.5
504,Mozarlandia,BR,2021-03-16 23:44:43,-14.7447,-50.5706,75.69,80,86,3.71
505,Varnavino,RU,2021-03-16 23:44:44,57.4035,45.0916,30.15,96,100,6.96
506,Okhotsk,RU,2021-03-16 23:44:44,59.3833,143.3,1.87,62,66,22.82
507,Ixtapa,MX,2021-03-16 23:44:45,20.7,-105.2,75.2,69,1,12.66
508,Waddan,LY,2021-03-16 23:44:45,29.1614,16.139,53.94,49,15,10.31
509,Gao,ML,2021-03-16 23:44:46,16.6362,1.637,80.33,14,0,8.23
510,Inhambane,MZ,2021-03-16 23:44:47,-23.865,35.3833,75.51,85,0,5.91
511,Limerick,IE,2021-03-16 23:44:48,52.6647,-8.6231,41.0,93,0,5.75
512,Aransas Pass,US,2021-03-16 23:44:49,27.9095,-97.15,73.4,88,75,13.8
513,Kaura Namoda,NG,2021-03-16 23:44:50,12.5898,6.5779,81.36,18,63,6.89
514,Puerto Maldonado,PE,2021-03-16 23:44:51,-12.6,-69.1833,75.74,91,95,3.06
515,Marshalltown,US,2021-03-16 23:44:52,42.0494,-92.908,35.6,87,90,14.97
516,Pouembout,NC,2021-03-16 23:44:52,-21.1333,164.9,83.98,63,37,3.44
517,Ozernovskiy,RU,2021-03-16 23:44:53,51.5,156.5167,35.69,97,97,6.22
518,Tuban,ID,2021-03-16 23:44:53,-6.8976,112.0649,79.23,83,61,2.55
519,Merauke,ID,2021-03-16 23:44:54,-8.4667,140.3333,83.48,75,100,5.82
520,Turukhansk,RU,2021-03-16 23:44:54,65.8167,87.9833,-13.72,65,72,2.37
521,Umm Lajj,SA,2021-03-16 23:44:54,25.0213,37.2685,74.01,76,13,4.52
522,Iskateley,RU,2021-03-16 23:44:55,67.6803,53.1512,12.13,96,100,4.27
523,Creston,US,2021-03-16 23:44:55,41.0586,-94.3614,46.4,100,90,9.22
524,Bajil,YE,2021-03-16 23:44:56,15.0584,43.2851,77.27,70,3,1.7
525,Cangzhou,CN,2021-03-16 23:44:56,38.3167,116.8667,44.91,24,89,6.71
526,Rapar,IN,2021-03-16 23:44:03,23.5667,70.6333,74.39,65,7,13.67
527,Termiz,UZ,2021-03-16 23:44:58,37.2242,67.2783,44.6,81,20,2.93
528,Onega,RU,2021-03-16 23:40:40,63.9061,38.1404,23.16,97,96,2.1
529,Anchorage,US,2021-03-16 23:45:00,61.2181,-149.9003,27.0,68,40,4.61
530,Naifaru,MV,2021-03-16 23:45:00,5.4444,73.3657,82.78,65,2,6.55
531,Chahuites,MX,2021-03-16 23:45:01,16.2833,-94.1833,82.08,67,0,8.08
532,Bagdarin,RU,2021-03-16 23:45:01,54.4333,113.6,9.09,76,100,3.22
533,Neuquen,AR,2021-03-16 23:45:02,-38.9516,-68.0591,68.0,77,75,2.3
534,Foz,ES,2021-03-16 23:45:03,43.5692,-7.2544,54.0,83,16,4.0
535,Hamilton,US,2021-03-16 23:43:31,39.1834,-84.5333,54.0,76,90,5.75
536,Portland,US,2021-03-16 23:44:58,45.5234,-122.6762,55.0,37,40,3.62
537,Kargasok,RU,2021-03-16 23:45:05,59.0556,80.8572,13.39,95,99,8.75
538,Kailua,US,2021-03-16 23:42:42,21.4022,-157.7394,78.8,78,90,17.27
539,Fairbanks,US,2021-03-16 23:42:00,64.8378,-147.7164,12.99,78,75,3.44
540,Bima,ID,2021-03-16 23:45:06,-8.4667,118.7167,80.8,90,3,0.6
541,Faya,SA,2021-03-16 23:45:07,18.3851,42.4509,62.6,41,0,1.57
542,Palmer,US,2021-03-16 23:43:49,42.1584,-72.3287,33.8,25,75,5.75
543,Longyearbyen,SJ,2021-03-16 23:44:29,78.2186,15.6401,-5.8,65,20,17.27
544,Santa Cruz Do Rio Pardo,BR,2021-03-16 23:45:07,-22.8989,-49.6325,73.26,80,35,4.52
545,Parana,AR,2021-03-16 23:44:15,-31.732,-60.5238,73.99,70,46,4.0
546,Yanam,IN,2021-03-16 23:45:08,16.7333,82.2167,70.12,94,0,1.57
547,Nago,JP,2021-03-16 23:45:08,26.5881,127.9761,69.8,94,20,3.44
548,Zhigansk,RU,2021-03-16 23:45:09,66.7697,123.3711,-9.44,89,65,5.37
549,Lubango,AO,2021-03-16 23:45:09,-14.9172,13.4925,60.53,98,100,1.99
550,Newport,GB,2021-03-16 23:41:08,51.5877,-2.9984,46.0,74,25,1.01
551,Douglas,US,2021-03-16 23:45:10,41.3,-96.167,46.4,81,90,3.04
552,Capinopolis,BR,2021-03-16 23:45:10,-18.6819,-49.5697,72.34,83,81,4.43
553,Kabo,CF,2021-03-16 23:45:11,7.6994,18.629,72.46,83,100,9.78
554,Balkanabat,TM,2021-03-16 23:45:11,39.5108,54.3671,47.5,47,0,15.59
555,Beringovskiy,RU,2021-03-16 23:45:12,63.05,179.3167,10.18,80,68,12.01
556,Severobaykalsk,RU,2021-03-16 23:45:12,55.65,109.3167,7.41,85,85,1.61
557,Badarganj,BD,2021-03-16 23:45:13,25.674,89.0549,63.99,30,0,1.81
558,Olinda,BR,2021-03-16 23:45:13,-8.0089,-34.8553,78.8,61,20,13.8
559,Petersburg,US,2021-03-16 23:45:14,37.2279,-77.4019,42.01,93,90,4.61
560,Kushiro,JP,2021-03-16 23:45:15,42.975,144.3747,41.0,45,75,5.75
